{
    "IcoMoonType": "selection",
    "icons": [
        {
            "icon": {
                "paths": [
                    "M917.806 229.076c-22.212-30.292-53.174-65.7-87.178-99.704s-69.412-64.964-99.704-87.178c-51.574-37.82-76.592-42.194-90.924-42.194h-496c-44.112 0-80 35.888-80 80v864c0 44.112 35.888 80 80 80h736c44.112 0 80-35.888 80-80v-624c0-14.332-4.372-39.35-42.194-90.924zM785.374 174.626c30.7 30.7 54.8 58.398 72.58 81.374h-153.954v-153.946c22.984 17.78 50.678 41.878 81.374 72.572zM896 944c0 8.672-7.328 16-16 16h-736c-8.672 0-16-7.328-16-16v-864c0-8.672 7.328-16 16-16 0 0 495.956-0.002 496 0v224c0 17.672 14.326 32 32 32h224v624z"
                ],
                "attrs": [],
                "isMulticolor": false,
                "isMulticolor2": false,
                "tags": [
                    "file-empty",
                    "file",
                    "document",
                    "paper",
                    "page",
                    "new",
                    "empty",
                    "blank"
                ],
                "defaultCode": 59805,
                "grid": 16
            },
            "attrs": [],
            "properties": {
                "order": 5,
                "prevSize": 16,
                "ligatures": "file-empty, file3",
                "name": "file",
                "id": 157,
                "code": 59805
            },
            "setIdx": 0,
            "setId": 2,
            "iconIdx": 157
        },
        {
            "icon": {
                "paths": [
                    "M984.5 256h-945c-26.4 0-43.764 21.18-38.586 47.068l117.672 545.864c5.178 25.888 31.014 47.068 57.414 47.068h672c26.398 0 52.234-21.18 57.412-47.068l117.674-545.864c5.178-25.888-12.188-47.068-38.586-47.068zM896 176c0-26.51-21.49-48-48-48h-432l-32-64h-208c-26.51 0-48 21.49-48 48v80h768v-16z"
                ],
                "attrs": [],
                "isMulticolor": false,
                "isMulticolor2": false,
                "tags": [
                    "folder",
                    "directory",
                    "category",
                    "browse"
                ],
                "defaultCode": 59879,
                "grid": 16
            },
            "attrs": [],
            "properties": {
                "order": 4,
                "prevSize": 16,
                "ligatures": "folder5, directory23",
                "name": "folder",
                "id": 231,
                "code": 59879
            },
            "setIdx": 0,
            "setId": 2,
            "iconIdx": 231
        },
        {
            "icon": {
                "paths": [
                    "M984.5 384c26.4 0 43.764 21.18 38.586 47.068l-117.672 417.864c-5.178 25.888-31.014 47.068-57.414 47.068h-672c-26.4 0-52.236-21.18-57.414-47.068l-117.672-417.864c-5.178-25.888 12.186-47.068 38.586-47.068h945zM896 176v144h-768v-208c0-26.51 21.49-48 48-48h208l32 64h432c26.51 0 48 21.49 48 48z"
                ],
                "attrs": [],
                "isMulticolor": false,
                "isMulticolor2": false,
                "tags": [
                    "folder-open",
                    "directory",
                    "category",
                    "browse"
                ],
                "defaultCode": 59880,
                "grid": 16
            },
            "attrs": [],
            "properties": {
                "order": 3,
                "prevSize": 16,
                "ligatures": "folder-open2, directory24",
                "name": "folder--open",
                "id": 232,
                "code": 59880
            },
            "setIdx": 0,
            "setId": 2,
            "iconIdx": 232
        }
    ],
    "height": 1024,
    "metadata": {
        "name": "gerrit-f-button"
    },
    "preferences": {
        "showGlyphs": true,
        "showCodes": true,
        "showQuickUse": true,
        "showQuickUse2": true,
        "showSVGs": true,
        "fontPref": {
            "prefix": "gerrit-f-button-icon-",
            "metadata": {
                "fontFamily": "gerrit-f-button",
                "majorVersion": 1,
                "minorVersion": 0
            },
            "metrics": {
                "emSize": 1024,
                "baseline": 6.25,
                "whitespace": 50
            },
            "embed": false,
            "noie8": true,
            "ie7": false,
            "showSelector": false,
            "showMetrics": false,
            "showMetadata": false,
            "showVersion": false
        },
        "imagePref": {
            "prefix": "icon-",
            "png": true,
            "useClassSelector": true,
            "color": 0,
            "bgColor": 16777215
        },
        "historySize": 100
    }
}